{
  "D64": {
    "Transformer": {
      "1e-03": {
        "best": 0.0352783203125,
        "final": 0.034755706787109375,
        "steps_to_plateau": 16000,
        "params": 113984,
        "sec": 906.0
      },
      "2e-03": {
        "best": 0.036815643310546875,
        "final": 0.036586761474609375,
        "steps_to_plateau": 16000,
        "params": 113984,
        "sec": 898.4
      }
    }
  }
}