{
  "Transformer": {
    "best": 0.016185760498046875,
    "plateau": 60000,
    "params": 130368,
    "cap": 60000,
    "sec": 4176.2
  },
  "Prizma-quad2-256": {
    "best": 0.9994697570800781,
    "plateau": 33000,
    "params": 131400,
    "cap": 40000,
    "sec": 12969.0
  },
  "Prizma-none": {
    "best": 0.3688316345214844,
    "plateau": 40000,
    "params": 131400,
    "cap": 40000,
    "sec": 8712.1
  }
}