{
  "p1.TF.d64L2H2.s0": {
    "best": 0.01575469970703125,
    "plateau": 80000,
    "params": 130368,
    "sec": 793.1,
    "seed": 0,
    "cap": 80000
  },
  "p1.TF.d64L2H2.s1": {
    "best": 0.01629638671875,
    "plateau": 80000,
    "params": 130368,
    "sec": 723.0,
    "seed": 1,
    "cap": 80000
  },
  "p1.TF.d64L2H2.s2": {
    "best": 0.016460418701171875,
    "plateau": 80000,
    "params": 130368,
    "sec": 720.6,
    "seed": 2,
    "cap": 80000
  },
  "p1.TF.d128L2H4.s0": {
    "best": 0.9999122619628906,
    "plateau": 24000,
    "params": 461440,
    "sec": 219.4,
    "seed": 0,
    "cap": 80000
  },
  "p1.TF.d128L2H4.s1": {
    "best": 0.999908447265625,
    "plateau": 32000,
    "params": 461440,
    "sec": 291.4,
    "seed": 1,
    "cap": 80000
  },
  "p1.TF.d128L2H4.s2": {
    "best": 1.0,
    "plateau": 28000,
    "params": 461440,
    "sec": 255.0,
    "seed": 2,
    "cap": 80000
  },
  "p1.TF.d128L4H4.s0": {
    "best": 0.7847938537597656,
    "plateau": 50000,
    "params": 857216,
    "sec": 795.1,
    "seed": 0,
    "cap": 80000
  },
  "p1.TF.d128L4H4.s1": {
    "best": 0.9779167175292969,
    "plateau": 80000,
    "params": 857216,
    "sec": 1270.4,
    "seed": 1,
    "cap": 80000
  },
  "p1.TF.d128L4H4.s2": {
    "best": 0.99993896484375,
    "plateau": 62000,
    "params": 857216,
    "sec": 984.6,
    "seed": 2,
    "cap": 80000
  },
  "p1.TF.d256L4H8.s0": {
    "best": 0.9996833801269531,
    "plateau": 32000,
    "params": 3270912,
    "sec": 1212.7,
    "seed": 0,
    "cap": 80000
  },
  "p1.TF.d256L4H8.s1": {
    "best": 0.9999465942382812,
    "plateau": 30000,
    "params": 3270912,
    "sec": 1135.6,
    "seed": 1,
    "cap": 80000
  },
  "p1.TF.d256L4H8.s2": {
    "best": 0.9999237060546875,
    "plateau": 32000,
    "params": 3270912,
    "sec": 1213.5,
    "seed": 2,
    "cap": 80000
  },
  "p1_summary": {
    "d64L2H2": {
      "solve_rate": "0/3",
      "median": 0.0163,
      "mean_ci95": [
        0.0162,
        0.0004
      ],
      "bests": [
        0.016,
        0.016,
        0.016
      ]
    },
    "d128L2H4": {
      "solve_rate": "3/3",
      "median": 0.9999,
      "mean_ci95": [
        0.9999,
        0.0001
      ],
      "bests": [
        1.0,
        1.0,
        1.0
      ]
    },
    "d128L4H4": {
      "solve_rate": "2/3",
      "median": 0.9779,
      "mean_ci95": [
        0.9209,
        0.1339
      ],
      "bests": [
        0.785,
        0.978,
        1.0
      ]
    },
    "d256L4H8": {
      "solve_rate": "3/3",
      "median": 0.9999,
      "mean_ci95": [
        0.9999,
        0.0002
      ],
      "bests": [
        1.0,
        1.0,
        1.0
      ]
    }
  },
  "p2.TF.s0": {
    "best": 0.9787445068359375,
    "plateau": 80000,
    "params": 857216,
    "sec": 1276.9,
    "seed": 0,
    "cap": 80000
  },
  "p2.TF.s1": {
    "best": 0.9995079040527344,
    "plateau": 44000,
    "params": 857216,
    "sec": 702.3,
    "seed": 1,
    "cap": 80000
  },
  "p2.TF.s2": {
    "best": 0.9998054504394531,
    "plateau": 50000,
    "params": 857216,
    "sec": 797.3,
    "seed": 2,
    "cap": 80000
  },
  "p2.TF.s3": {
    "best": 0.9860153198242188,
    "plateau": 80000,
    "params": 857216,
    "sec": 1277.4,
    "seed": 3,
    "cap": 80000
  },
  "p2.TF.s4": {
    "best": 0.9994621276855469,
    "plateau": 46000,
    "params": 857216,
    "sec": 733.4,
    "seed": 4,
    "cap": 80000
  },
  "p2.PRISM-none.s0": {
    "best": 0.959136962890625,
    "plateau": 60000,
    "params": 862368,
    "sec": 3442.5,
    "seed": 0,
    "cap": 80000
  },
  "p5_latency": {
    "seq_lens": [
      128,
      256,
      512,
      1024,
      2048,
      4096
    ],
    "tf_decode_s": {
      "128": 0.5656,
      "256": 1.1597,
      "512": 2.2966,
      "1024": 4.6044,
      "2048": 9.2905,
      "4096": 18.5035
    },
    "prism_decode_s": {
      "128": 0.8887,
      "256": 1.7976,
      "512": 3.5744,
      "1024": 7.164,
      "2048": 14.2528,
      "4096": 28.8903
    },
    "tf_kv_floats": {
      "128": 131072,
      "256": 262144,
      "512": 524288,
      "1024": 1048576,
      "2048": 2097152,
      "4096": 4194304
    },
    "prism_state_floats": {
      "128": 147456,
      "256": 147456,
      "512": 147456,
      "1024": 147456,
      "2048": 147456,
      "4096": 147456
    }
  },
  "p2.PRISM-none.s1": {
    "best": 0.9583473205566406,
    "plateau": 46000,
    "params": 862368,
    "sec": 2613.6,
    "seed": 1,
    "cap": 80000
  },
  "p2.PRISM-none.s2": {
    "best": 0.9479713439941406,
    "plateau": 42000,
    "params": 862368,
    "sec": 2428.2,
    "seed": 2,
    "cap": 80000
  },
  "p2.PRISM-quad2.s0": {
    "best": 0.9991264343261719,
    "plateau": 20000,
    "params": 862368,
    "sec": 2741.1,
    "seed": 0,
    "cap": 80000
  },
  "p2.PRISM-quad2.s1": {
    "best": 0.9982795715332031,
    "plateau": 16000,
    "params": 862368,
    "sec": 2190.4,
    "seed": 1,
    "cap": 80000
  },
  "p2.PRISM-quad2.s2": {
    "best": 0.9954643249511719,
    "plateau": 18000,
    "params": 862368,
    "sec": 2474.0,
    "seed": 2,
    "cap": 80000
  },
  "p2_summary": {
    "TF": {
      "solve_rate": "3/3",
      "median": 0.9995,
      "mean_ci95": [
        0.9927,
        0.0137
      ],
      "bests": [
        0.979,
        1.0,
        1.0
      ]
    },
    "PRISM-none": {
      "solve_rate": "3/3",
      "median": 0.9583,
      "mean_ci95": [
        0.9552,
        0.0071
      ],
      "bests": [
        0.959,
        0.958,
        0.948
      ]
    },
    "PRISM-quad2": {
      "solve_rate": "3/3",
      "median": 0.9983,
      "mean_ci95": [
        0.9976,
        0.0022
      ],
      "bests": [
        0.999,
        0.998,
        0.995
      ]
    }
  },
  "p2b.TF-flopmatch-d128L9H4.s0": {
    "best": 0.02069854736328125,
    "plateau": 80000,
    "params": 1846656,
    "sec": 2818.2,
    "seed": 0,
    "cap": 80000
  },
  "p2b.TF-flopmatch-d128L9H4.s1": {
    "best": 0.9641952514648438,
    "plateau": 80000,
    "params": 1846656,
    "sec": 2807.3,
    "seed": 1,
    "cap": 80000
  },
  "p2b.TF-flopmatch-d128L9H4.s2": {
    "best": 0.020221710205078125,
    "plateau": 80000,
    "params": 1846656,
    "sec": 2811.7,
    "seed": 2,
    "cap": 80000
  },
  "p2eff.PRISM-quad2-d64L2H2.s0": {
    "best": 0.9987907409667969,
    "plateau": 26000,
    "params": 131400,
    "sec": 999.6,
    "seed": 0,
    "cap": 80000
  },
  "p2eff.PRISM-quad2-d64L2H2.s1": {
    "best": 0.9966659545898438,
    "plateau": 26000,
    "params": 131400,
    "sec": 996.8,
    "seed": 1,
    "cap": 80000
  },
  "p2eff.PRISM-quad2-d64L2H2.s2": {
    "best": 0.9348831176757812,
    "plateau": 60000,
    "params": 131400,
    "sec": 2302.3,
    "seed": 2,
    "cap": 80000
  },
  "p2eff.PRISM-none-d64L2H2.s0": {
    "best": 0.5182609558105469,
    "plateau": 68000,
    "params": 131400,
    "sec": 2132.8,
    "seed": 0,
    "cap": 80000
  },
  "p2eff.PRISM-none-d64L2H2.s1": {
    "best": 0.3185920715332031,
    "plateau": 80000,
    "params": 131400,
    "sec": 2507.1,
    "seed": 1,
    "cap": 80000
  },
  "p2eff.PRISM-none-d64L2H2.s2": {
    "best": 0.7181854248046875,
    "plateau": 46000,
    "params": 131400,
    "sec": 1437.0,
    "seed": 2,
    "cap": 80000
  },
  "p2eff.PRISM-randlin-d64L2H2.s0": {
    "best": 0.6681060791015625,
    "plateau": 80000,
    "params": 131400,
    "sec": 2511.1,
    "seed": 0,
    "cap": 80000
  },
  "p2eff.PRISM-randlin-d64L2H2.s1": {
    "best": 0.40752410888671875,
    "plateau": 80000,
    "params": 131400,
    "sec": 2508.1,
    "seed": 1,
    "cap": 80000
  },
  "p2eff.PRISM-randlin-d64L2H2.s2": {
    "best": 0.5892906188964844,
    "plateau": 58000,
    "params": 131400,
    "sec": 1821.3,
    "seed": 2,
    "cap": 80000
  },
  "extra_summary": {
    "TF-flopmatch-d128L9H4": {
      "solve_rate": "1/3",
      "median": 0.0207,
      "mean_ci95": [
        0.335,
        0.6166
      ],