{
  "meta": {
    "device": "cuda",
    "torch": "2.11.0+cu128",
    "vocab": 512,
    "feat_n2": 224,
    "mode": "full",
    "ns": [
      4096,
      8192,
      16384,
      32768,
      65536
    ],
    "reps": 5,
    "warmup": 2,
    "fairness": "both models decode via model.step() (KV-cache for TF, O(1) state for Prizma)"
  },
  "cells": {
    "TF.small.n4096": {
      "total_s": 18.297466039657593,
      "per_step_ms": 4.4671547948382795,
      "peak_bytes": 49508352,
      "kv_floats": 4194304
    },
    "Prizma-quad2.small.n4096": {
      "total_s": 28.524472951889038,
      "per_step_ms": 6.963982654269785,
      "peak_bytes": 17933824,
      "state_floats": 147456
    },
    "TF.small.n8192": {
      "total_s": 36.51810359954834,
      "per_step_ms": 4.457776318304241,
      "peak_bytes": 84868608,
      "kv_floats": 8388608
    },
    "Prizma-quad2.small.n8192": {
      "total_s": 56.90288496017456,
      "per_step_ms": 6.946152949240059,
      "peak_bytes": 17933824,
      "state_floats": 147456
    },
    "TF.small.n16384": {
      "total_s": 88.2311680316925,
      "per_step_ms": 5.385203126934357,
      "peak_bytes": 152783360,
      "kv_floats": 16777216
    },
    "Prizma-quad2.small.n16384": {
      "total_s": 113.92068672180176,
      "per_step_ms": 6.953166914172471,
      "peak_bytes": 17933824,
      "state_floats": 147456
    },
    "TF.small.n32768": {
      "total_s": 293.3504276275635,
      "per_step_ms": 8.952344593126327,
      "peak_bytes": 289100288,
      "kv_floats": 33554432
    },
    "Prizma-quad2.small.n32768": {
      "total_s": 227.82110357284546,
      "per_step_ms": 6.952548326808028,
      "peak_bytes": 17933824,
      "state_floats": 147456
    },
    "TF.small.n65536": {
      "total_s": 1110.6402673721313,
      "per_step_ms": 16.947025564149953,
      "peak_bytes": 561732096,
      "kv_floats": 67108864
    },
    "Prizma-quad2.small.n65536": {
      "total_s": 462.43513917922974,
      "per_step_ms": 7.056200243823696,
      "peak_bytes": 17933824,
      "state_floats": 147456
    },
    "TF.big.n4096": {
      "total_s": 36.4322509765625,
      "per_step_ms": 8.894592523574829,
      "peak_bytes": 491055616,
      "kv_floats": 33554432
    },
    "Prizma-quad2.big.n4096": {
      "total_s": 57.49813961982727,
      "per_step_ms": 14.037631743121892,
      "peak_bytes": 232396288,
      "state_floats": 1310720
    },
    "TF.big.n8192": {
      "total_s": 74.71376776695251,
      "per_step_ms": 9.12033297936432,
      "peak_bytes": 759523840,
      "kv_floats": 67108864
    },
    "Prizma-quad2.big.n8192": {
      "total_s": 114.837575674057,
      "per_step_ms": 14.018258749274537,
      "peak_bytes": 232396288,
      "state_floats": 1310720
    },
    "TF.big.n16384": {
      "total_s": 201.47196412086487,
      "per_step_ms": 12.296872810111381,
      "peak_bytes": 1298508288,
      "kv_floats": 134217728
    },
    "Prizma-quad2.big.n16384": {
      "total_s": 230.91724920272827,
      "per_step_ms": 14.094070385908708,
      "peak_bytes": 232396288,
      "state_floats": 1310720
    },
    "TF.big.n32768": {
      "total_s": 681.3978927135468,
      "per_step_ms": 20.79461342509603,
      "peak_bytes": 2377476608,
      "kv_floats": 268435456
    },
    "Prizma-quad2.big.n32768": {
      "total_s": 458.70594358444214,
      "per_step_ms": 13.998594469740056,
      "peak_bytes": 232396288,
      "state_floats": 1310720
    },
    "TF.big.n65536": {
      "total_s": 2549.0467445850372,
      "per_step_ms": 38.8953665860754,
      "peak_bytes": 4532316672,
      "kv_floats": 536870912
    },
    "Prizma-quad2.big.n65536": {
      "total_s": 909.096762418747,
      "per_step_ms": 13.871715735149337,
      "peak_bytes": 232396288,
      "state_floats": 1310720
    }
  },
  "size_summaries": {
    "small": {
      "config": {
        "d": 128,
        "L": 4,
        "H": 4,
        "d_h": 32,
        "d_phi": 256,
        "window": 16,
        "vocab": 512,
        "feat_n2": 224
      },
      "ns_tested": [
        4096,
        8192,
        16384,
        32768,
        65536
      ],
      "tf_per_step_ms": {
        "4096": 4.4672,
        "8192": 4.4578,
        "16384": 5.3852,
        "32768": 8.9523,
        "65536": 16.947
      },
      "prizma_per_step_ms": {
        "4096": 6.964,
        "8192": 6.9462,
        "16384": 6.9532,
        "32768": 6.9525,
        "65536": 7.0562
      },
      "tf_total_s": {
        "4096": 18.2975,
        "8192": 36.5181,
        "16384": 88.2312,
        "32768": 293.3504,
        "65536": 1110.6403
      },
      "prizma_total_s": {
        "4096": 28.5245,
        "8192": 56.9029,
        "16384": 113.9207,
        "32768": 227.8211,
        "65536": 462.4351
      },
      "latency_crossover_n": 32768,
      "tf_oom_ceiling_n": null,
      "analytic_kv_floats": {
        "4096": 4194304,
        "8192": 8388608,
        "16384": 16777216,
        "32768": 33554432,
        "65536": 67108864
      },
      "analytic_prizma_state_floats": {
        "4096": 147456,
        "8192": 147456,
        "16384": 147456,
        "32768": 147456,
        "65536": 147456
      },
      "analytic_kv_over_state_ratio": {
        "4096": 28.444,
        "8192": 56.889,
        "16384": 113.778,
        "32768": 227.556,
        "65536": 455.111
      },
      "measured_tf_peak_bytes": {
        "4096": 49508352,
        "8192": 84868608,
        "16384": 152783360,
        "32768": 289100288,
        "65536": 561732096
      },
      "measured_prizma_peak_bytes": {
        "4096": 17933824,
        "8192": 17933824,
        "16384": 17933824,
        "32768": 17933824,
        "65536": 17933824
      },
      "measured_mem_crossover_n": 4096,
      "mem_measure_kind": "cuda_max_memory_allocated"
    },
    "big": {
      "config": {
        "d": 512,
        "L": 8,
        "H": 8,
        "d_h": 64,
        "d_phi": 288,
        "window": 16,
        "vocab": 512,
        "feat_n2": 224
      },
      "ns_tested": [
        4096,
        8192,
        16384,
        32768,
        65536
      ],
      "tf_per_step_ms": {
        "4096": 8.8946,
        "8192": 9.1203,
        "16384": 12.2969,
        "32768": 20.7946,
        "65536": 38.8954
      },
      "prizma_per_step_ms": {
        "4096": 14.0376,
        "8192": 14.0183,
        "16384": 14.0941,
        "32768": 13.9986,
        "65536": 13.8717
      },
      "tf_total_s": {
        "4096": 36.4323,
        "8192": 74.7138,
        "16384": 201.472,
        "32768": 681.3979,
        "65536": 2549.0467
      },
      "prizma_total_s": {
        "4096": 57.4981,
        "8192": 114.8376,
        "16384": 230.9172,
        "32768": 458.7059,
        "65536": 909.0968
      },
      "latency_crossover_n": 32768,
      "tf_oom_ceiling_n": null,
      "analytic_kv_floats": {
        "4096": 33554432,
        "8192": 67108864,
        "16384": 134217728,
        "32768": 268435456,
        "65536": 536870912
      },
      "analytic_prizma_state_floats": {
        "4096": 1310720,
        "8192": 1310720,
        "16384": 1310720,
        "32768": 1310720,
        "65536": 1310720
      },
      "analytic_kv_over_state_ratio": {
        "4096": 25.6,
        "8192": 51.2,
        "16384": 102.4,
        "32768": 204.8,
        "65536": 409.6
      },
      "measured_tf_peak_bytes": {
        "4096": 491055616,
        "8192": 759523840,
        "16384": 1298508288,
        "32768": 2377476608,
        "65536": 4532316672
      },
      "measured_prizma_peak_bytes": {
        "4096": 232396288,
        "8192": 232396288,
        "16384": 232396288,
        "32768": 232396288,
        "65536": 232396288
      },
      "measured_mem_crossover_n": 4096,
      "mem_measure_kind": "cuda_max_memory_allocated"
    }
  },
  "latency_summary": {
    "small": {
      "config": {
        "d": 128,
        "L": 4,
        "H": 4,
        "d_h": 32,
        "d_phi": 256,
        "window": 16,
        "vocab": 512,