{
  "_baseline": {
    "Transformer_genwarm": 1.0
  },
  "PRISM-quad2": {
    "best": 0.99951171875,
    "plateau": 27000,
    "params": 115016,
    "sec": 5892.1
  },
  "PRISM-none": {
    "best": 0.93096923828125,
    "plateau": 30000,
    "params": 115016,
    "sec": 5155.1
  }
}