{
  "meta": {
    "scale": "d64L2H2",
    "seeds": [
      0,
      1
    ],
    "prizma_kw": {
      "feat_map": "none"
    },
    "tost_margin": 0.05,
    "solve_thresh": 0.5,
    "smoke": true,
    "lr_grid": [
      0.001,
      0.002
    ]
  },
  "cells": {
    "MQAR-HARD-FLIP.TF-big": {
      "sweep": {
        "best_lr": 0.001,
        "best_acc": 0.2015380859375,
        "grid": [
          {
            "lr": 0.001,
            "best_acc": 0.2015380859375,
            "steps_to_plateau": 800
          },
          {
            "lr": 0.002,
            "best_acc": 0.2000732421875,
            "steps_to_plateau": 800
          }
        ]
      },
      "seeds": {
        "0": {
          "best": 0.2015380859375,
          "plateau": 800,
          "params": 404096,
          "sec": 6.4,
          "lr": 0.001
        },
        "1": {
          "best": 0.2027587890625,
          "plateau": 800,
          "params": 404096,
          "sec": 5.7,
          "lr": 0.001
        }
      },
      "best_accs": [
        0.2015380859375,
        0.2027587890625
      ],
      "best_lr": 0.001,
      "params": 404096
    },
    "MQAR-HARD.TF": {
      "sweep": {
        "best_lr": 0.001,
        "best_acc": 0.2022705078125,
        "grid": [
          {
            "lr": 0.001,
            "best_acc": 0.2022705078125,
            "steps_to_plateau": 800
          },
          {
            "lr": 0.002,
            "best_acc": 0.1981201171875,
            "steps_to_plateau": 800
          }
        ]
      },
      "seeds": {
        "0": {
          "best": 0.2022705078125,
          "plateau": 800,
          "params": 101696,
          "sec": 2.4,
          "lr": 0.001
        },
        "1": {
          "best": 0.2025146484375,
          "plateau": 800,
          "params": 101696,
          "sec": 2.6,
          "lr": 0.001
        }
      },
      "best_accs": [
        0.2022705078125,
        0.2025146484375
      ],
      "best_lr": 0.001,
      "params": 101696
    },
    "MQAR-HARD.Prizma": {
      "sweep": {
        "best_lr": 0.002,
        "best_acc": 0.207275390625,
        "grid": [
          {
            "lr": 0.001,
            "best_acc": 0.1785888671875,
            "steps_to_plateau": 800
          },
          {
            "lr": 0.002,
            "best_acc": 0.207275390625,
            "steps_to_plateau": 800
          }
        ]
      },
      "seeds": {
        "0": {
          "best": 0.207275390625,
          "plateau": 800,
          "params": 102728,
          "sec": 28.7,
          "lr": 0.002
        },
        "1": {
          "best": 0.62060546875,
          "plateau": 800,
          "params": 102728,
          "sec": 29.0,
          "lr": 0.002
        }
      },
      "best_accs": [
        0.207275390625,
        0.62060546875
      ],
      "best_lr": 0.002,
      "params": 102728
    },
    "MQAR-HARD.Hybrid": {
      "sweep": {
        "best_lr": 0.001,
        "best_acc": 0.1976318359375,
        "grid": [
          {
            "lr": 0.001,
            "best_acc": 0.1976318359375,
            "steps_to_plateau": 800
          },
          {
            "lr": 0.002,
            "best_acc": 0.1944580078125,
            "steps_to_plateau": 800
          }
        ]
      },
      "seeds": {
        "0": {
          "best": 0.1976318359375,
          "plateau": 800,
          "params": 102212,
          "sec": 17.2,
          "lr": 0.001
        },
        "1": {
          "best": 0.1998291015625,
          "plateau": 800,
          "params": 102212,
          "sec": 16.4,
          "lr": 0.001
        }
      },
      "best_accs": [
        0.1976318359375,
        0.1998291015625
      ],
      "best_lr": 0.001,
      "params": 102212
    },
    "INDUCTION.TF": {
      "sweep": {
        "best_lr": 0.001,
        "best_acc": 0.08203125,
        "grid": [
          {
            "lr": 0.001,
            "best_acc": 0.08203125,
            "steps_to_plateau": 800
          },
          {
            "lr": 0.002,
            "best_acc": 0.07421875,
            "steps_to_plateau": 800
          }
        ]
      },
      "seeds": {
        "0": {
          "best": 0.08203125,
          "plateau": 800,
          "params": 99648,
          "sec": 2.7,
          "lr": 0.001
        },
        "1": {
          "best": 0.078125,
          "plateau": 800,
          "params": 99648,
          "sec": 2.5,
          "lr": 0.001
        }
      },
      "best_accs": [
        0.08203125,
        0.078125
      ],
      "best_lr": 0.001,
      "params": 99648
    },
    "INDUCTION.Prizma": {
      "sweep": {
        "best_lr": 0.001,
        "best_acc": 0.09765625,
        "grid": [
          {
            "lr": 0.001,
            "best_acc": 0.09765625,
            "steps_to_plateau": 800
          },
          {
            "lr": 0.002,
            "best_acc": 0.078125,
            "steps_to_plateau": 800
          }
        ]
      },
      "seeds": {
        "0": {
          "best": 0.09765625,
          "plateau": 800,
          "params": 100680,
          "sec": 30.8,
          "lr": 0.001
        },
        "1": {
          "best": 0.0859375,
          "plateau": 800,
          "params": 100680,
          "sec": 31.7,
          "lr": 0.001
        }
      },
      "best_accs": [
        0.09765625,
        0.0859375
      ],
      "best_lr": 0.001,
      "params": 100680
    },
    "INDUCTION.Hybrid": {
      "sweep": {
        "best_lr": 0.001,
        "best_acc": 0.05078125,
        "grid": [
          {
            "lr": 0.001,
            "best_acc": 0.05078125,
            "steps_to_plateau": 800
          },
          {
            "lr": 0.002,
            "best_acc": 0.05078125,
            "steps_to_plateau": 800
          }
        ]
      },
      "seeds": {
        "0": {
          "best": 0.05078125,
          "plateau": 800,
          "params": 100164,
          "sec": 16.1,
          "lr": 0.001
        },
        "1": {
          "best": 0.072265625,
          "plateau": 800,
          "params": 100164,
          "sec": 16.8,
          "lr": 0.001
        }
      },
      "best_accs": [
        0.05078125,
        0.072265625
      ],
      "best_lr": 0.001,
      "params": 100164
    },
    "SELECTIVE-COPY.TF": {
      "sweep": {
        "best_lr": 0.002,
        "best_acc": 0.875,
        "grid": [
          {
            "lr": 0.001,
            "best_acc": 0.861328125,
            "steps_to_plateau": 800
          },
          {
            "lr": 0.002,
            "best_acc": 0.875,
            "steps_to_plateau": 800
          }
        ]
      },
      "seeds": {
        "0": {
          "best": 0.875,
          "plateau": 800,
          "params": 99648,
          "sec": 2.6,
          "lr": 0.002
        },
        "1": {
          "best": 0.876953125,
          "plateau": 800,
          "params": 99648,
          "sec": 3.0,
          "lr": 0.002
        }
      },
      "best_accs": [
        0.875,
        0.876953125
      ],
      "best_lr": 0.002,
      "params": 99648
    },
    "SELECTIVE-COPY.Prizma": {
      "sweep": {
        "best_lr": 0.002,
        "best_acc": 0.9860026041666667,
        "grid": [
          {
            "lr": 0.001,
            "best_acc": 0.9739583333333334,
            "steps_to_plateau": 800
          },
          {
            "lr": 0.002,
            "best_acc": 0.9860026041666667,
            "steps_to_plateau": 800
          }
        ]
      },
      "seeds": {
        "0": {
          "best": 0.9860026041666667,
          "plateau": 800,
          "params": 100680,
          "sec": 29.0,
          "lr": 0.002
        },
        "1": {
          "best": 0.9840494791666666,
          "plateau": 800,
          "params": 100680,
          "sec": 28.9,
          "lr": 0.002
        }
      },
      "best_accs": [
        0.9860026041666667,
        0.9840494791666666
      ],
      "best_lr": 0.002,
      "params": 100680
    },