{
  "D64": {
    "d128L2H4": {
      "seed0": {
        "best": 0.041164398193359375,
        "plateau": 12000,
        "params": 428672,
        "sec": 1391.3
      }
    },
    "d128L4H4": {
      "seed0": {
        "best": 0.040523529052734375,
        "plateau": 12000,
        "params": 824448,
        "sec": 2642.5
      }
    }
  }
}