{
  "D64": {
    "punchy": {
      "seed0": {
        "best": 0.036102294921875,
        "plateau": 12000,
        "sec": 680.1
      },
      "seed1": {
        "best": 0.034732818603515625,
        "plateau": 12000,
        "sec": 679.1
      },
      "seed2": {
        "best": 0.03517913818359375,
        "plateau": 12000,
        "sec": 673.7
      }
    },
    "hi-floor": {
      "seed0": {
        "best": 0.034671783447265625,
        "plateau": 12000,
        "sec": 672.6
      },
      "seed1": {
        "best": 0.03466796875,
        "plateau": 12000,
        "sec": 670.6
      },
      "seed2": {
        "best": 0.035076141357421875,
        "plateau": 12000,
        "sec": 672.8
      }
    },
    "lowlr": {
      "seed0": {
        "best": 0.04093170166015625,
        "plateau": 12000,
        "sec": 671.6
      },
      "seed1": {
        "best": 0.039966583251953125,
        "plateau": 12000,
        "sec": 667.3
      },
      "seed2": {
        "best": 0.039764404296875,
        "plateau": 12000,
        "sec": 669.2
      }
    }
  }
}